{
    "Logs": [
        {
            "id": 1,
            "title": "Top Issues Fixed in Visual Studio 2010",
            "content": "Custom Project Template Not Found\r\nmsvsmon.exe crashes when hitting breakpoint in native C++ code",
            "logTypeId": 1,
            "userId": 1,
            "loggedTime": "2020-02-24T01:03:10.723",
            "logType": null,
            "user": null
        },
        {
            "id": 2,
            "title": "New Features Added",
            "content": "Any New Features",
            "logTypeId": 2,
            "userId": 1,
            "loggedTime": "2020-02-24T01:52:37.563",
            "logType": null,
            "user": null
        },
        {
            "id": 3,
            "title": "Top Issues Fixed in Visual Studio 2019Beta Version",
            "content": "Custom Project Template Not Found\r\nmsvsmon.exe crashes when hitting breakpoint in native C++ code",
            "logTypeId": 3,
            "userId": 1,
            "loggedTime": "2020-02-24T02:00:06.463",
            "logType": null,
            "user": null
        },
        {
            "id": 4,
            "title": "New Features added in Visual Studio 2019Beta Version",
            "content": "Custom Project Template Not Found\r\nmsvsmon.exe crashes when hitting breakpoint in native C++ code",
            "logTypeId": 3,
            "userId": 1,
            "loggedTime": "2020-02-24T02:00:09.473",
            "logType": null,
            "user": null
        },
        {
            "id": 5,
            "title": "Top Issues Fixed in Visual Studio 2019Beta Version",
            "content": "Custom Project Template Not Found\r\nmsvsmon.exe crashes when hitting breakpoint in native C++ code",
            "logTypeId": 3,
            "userId": 1,
            "loggedTime": "2020-02-24T02:00:10.75",
            "logType": null,
            "user": null
        }
    ]
}